HHID,Income,NumPeople
1,0.756252885,0.277137504
2,0.804357987,0.949657016
3,0.503993679,0.889470305
4,0.154537408,0.693238943
5,0.836243674,0.983211271
6,0.030513066,0.896736228
7,0.033114258,0.114685091
8,0.80475533,0.856166807
9,0.084980668,0.731329595
10,0.121721215,0.444360314
